,id,geometry
0,7185334298,POINT (-76.4872519 38.9850158)
1,102629495,POINT (-76.4994059 38.9923131)
2,102629499,POINT (-76.501229 38.9907677)
3,1486127380,POINT (-76.49532979999999 38.9859356)
4,10245603663,POINT (-76.48626849999999 38.9758556)
5,3158507895,POINT (-76.4926877 38.9810717)
6,3158507919,POINT (-76.4903224 38.982498)
7,3158507933,POINT (-76.4910155 38.9829401)
8,3158507937,POINT (-76.4915683 38.9832892)
9,102564288,POINT (-76.4999856 38.9720976)
10,102597243,POINT (-76.492188 38.9883692)
11,6495077016,POINT (-76.5011957 38.9873408)
12,9898623652,POINT (-76.4915577 38.978598)
13,9898623654,POINT (-76.4915591 38.9786945)
14,9898623661,POINT (-76.4910105 38.9794729)
15,6495077042,POINT (-76.5003573 38.9856058)
16,6495077044,POINT (-76.5004778 38.9854973)
17,2286912254,POINT (-76.4938033 38.9899927)
18,2286912259,POINT (-76.4927182 38.9906644)
19,10245669636,POINT (-76.48719490000001 38.9772904)
20,7308543060,POINT (-76.49285949999999 38.9780247)
21,11485643862,POINT (-76.5010695 38.9772515)
22,11485643864,POINT (-76.5011827 38.9774696)
23,7611024585,POINT (-76.49612380000001 38.9892248)
24,3812721913,POINT (-76.4817601 38.9835124)
25,3812721933,POINT (-76.4819201 38.983617)
26,102597965,POINT (-76.5007396 38.9889832)
27,102597968,POINT (-76.50212639999999 38.9900225)
28,3615881096,POINT (-76.4851638 38.9799939)
29,10031891817,POINT (-76.4830091 38.9778473)
30,10031891819,POINT (-76.48272179999999 38.9778969)
31,10031891824,POINT (-76.4821539 38.9784272)
32,3615881115,POINT (-76.4844494 38.9795273)
33,102631015,POINT (-76.4943778 38.9735978)
34,102631017,POINT (-76.4940847 38.9740287)
35,10032187116,POINT (-76.4900423 38.9813758)
36,3814033151,POINT (-76.4979972 38.988761)
37,102598422,POINT (-76.4882326 38.9830868)
38,102598425,POINT (-76.48736359999999 38.982145)
39,102598428,POINT (-76.4863039 38.9812657)
40,102565667,POINT (-76.496971 38.9774853)
41,102565669,POINT (-76.4969704 38.9766118)
42,102631414,POINT (-76.4914225 38.9786238)
43,102631416,POINT (-76.4923185 38.9785692)
44,11419846902,POINT (-76.4975031 38.9868166)
45,102566153,POINT (-76.4857087 38.9739489)
46,102566156,POINT (-76.4871658 38.9748753)
47,102566159,POINT (-76.489042 38.9760546)
48,102566160,POINT (-76.4896305 38.9764277)
49,102566161,POINT (-76.49037509999999 38.9769023)
50,102566164,POINT (-76.4911716 38.9774212)
51,102566166,POINT (-76.49260769999999 38.9781608)
52,3814033864,POINT (-76.4974484 38.9897585)
53,3814033869,POINT (-76.49721769999999 38.9895978)
54,4836067814,POINT (-76.489536 38.9819926)
55,4836067817,POINT (-76.4894165 38.9819784)
56,4836067819,POINT (-76.4894141 38.9819147)
57,7018809936,POINT (-76.4977622 38.9891173)
58,7018809956,POINT (-76.4967272 38.9903729)
59,7018809966,POINT (-76.49817160000001 38.9888834)
60,7018809968,POINT (-76.4970687 38.9893706)
61,102599278,POINT (-76.5020593 38.9766667)
62,102599281,POINT (-76.5028111 38.978165)
63,102599283,POINT (-76.503046 38.9786384)
64,9630649045,POINT (-76.4938052 38.9775906)
65,9630649056,POINT (-76.4940033 38.9774177)
66,7036242950,POINT (-76.4897381 38.9805222)
67,102632847,POINT (-76.4853727 38.9777425)
68,7786302870,POINT (-76.4978808 38.9793711)
69,6496816573,POINT (-76.4934863 38.9815437)
70,9630748541,POINT (-76.4919501 38.9796326)
71,7150276553,POINT (-76.4959923 38.9763128)
72,6799429600,POINT (-76.4888215 38.9759119)
73,7085887671,POINT (-76.500941 38.9891487)
74,102568128,POINT (-76.5011238 38.9792059)
75,4835974765,POINT (-76.4851166 38.985916)
76,7035294162,POINT (-76.49423299999999 38.9793446)
77,7308513807,POINT (-76.4932056 38.9781203)
78,7607685708,POINT (-76.5001662 38.9772264)
79,9688748636,POINT (-76.4989783 38.9805484)
80,4699361904,POINT (-76.4869434 38.9771445)
81,4699361905,POINT (-76.4911517 38.9803537)
82,3812725367,POINT (-76.4799349 38.9804988)
83,7300289220,POINT (-76.4895077 38.9818781)
84,102601525,POINT (-76.4984005 38.9868388)
85,7475369162,POINT (-76.4902551 38.9794703)
86,7475369163,POINT (-76.49027049999999 38.9794033)
87,7475369165,POINT (-76.4898937 38.9788765)
88,7475369166,POINT (-76.491272 38.980258)
89,7475369167,POINT (-76.4902439 38.9783524)
90,102569248,POINT (-76.4966555 38.9802828)
91,102569250,POINT (-76.49741830000001 38.980273)
92,4343502210,POINT (-76.49541979999999 38.9892463)
93,1304073625,POINT (-76.4827308 38.9776954)
94,6799758758,POINT (-76.49584040000001 38.993683)
95,3148256782,POINT (-76.4936893 38.9846583)
96,3627587194,POINT (-76.4931615 38.9801686)
97,7094900479,POINT (-76.5025141 38.9903)
98,3659143022,POINT (-76.4858449 38.9765929)
99,2098730870,POINT (-76.49036340000001 38.9852426)
100,2098730878,POINT (-76.48523640000001 38.9858058)
101,2098730884,POINT (-76.4909323 38.9853927)
102,102569875,POINT (-76.4878152 38.9773909)
103,11365456002,POINT (-76.48914619999999 38.9868874)
104,5202712721,POINT (-76.48666 38.9766444)
105,5202712722,POINT (-76.48749290000001 38.9778721)
106,5202712733,POINT (-76.4877699 38.9775571)
107,102635911,POINT (-76.4902242 38.9898958)
108,7985096486,POINT (-76.4987421 38.9865189)
109,6193355556,POINT (-76.4898486 38.9781373)
110,764812180,POINT (-76.5004416 38.9782646)
111,639278160,POINT (-76.4868912 38.9771685)
112,639278205,POINT (-76.4870791 38.9775197)
113,639278221,POINT (-76.4873608 38.9775622)
114,102636686,POINT (-76.49383159999999 38.9878481)
115,102636689,POINT (-76.4929104 38.9873253)
116,639278230,POINT (-76.4871007 38.9775563)
117,639278235,POINT (-76.4873302 38.977586)
118,639278248,POINT (-76.4910242 38.9783691)
119,639278258,POINT (-76.49150280000001 38.9787799)
120,639278285,POINT (-76.4925149 38.97872)
121,4836073064,POINT (-76.48779070000001 38.983476)
122,1304010093,POINT (-76.49198320000001 38.9796017)
123,1304010096,POINT (-76.4914761 38.9790369)
124,1304010097,POINT (-76.49135680000001 38.9792171)
125,1304010102,POINT (-76.49215289999999 38.9794424)
126,4835974727,POINT (-76.48861909999999 38.9841151)
127,4836073073,POINT (-76.4886236 38.9840521)
128,4836073081,POINT (-76.487701 38.9835143)
129,4835974799,POINT (-76.4890029 38.984436)
130,12063907552,POINT (-76.4944177 38.981846)
131,102637302,POINT (-76.4978509 38.9865242)
132,8006803218,POINT (-76.49035240000001 38.9887784)
133,8006803224,POINT (-76.49053929999999 38.9886358)
134,102571991,POINT (-76.4877276 38.9835318)
135,102571993,POINT (-76.48664479999999 38.9828253)
136,102572036,POINT (-76.49901869999999 38.9767342)
137,102572063,POINT (-76.5002398 38.9879959)
138,102572153,POINT (-76.4917793 38.9743512)
139,102572156,POINT (-76.49153 38.9745999)
140,102572158,POINT (-76.490882 38.975212)
141,102572161,POINT (-76.4906874 38.9753912)
142,3093471527,POINT (-76.5027704 38.9928052)
143,3093471570,POINT (-76.50297190000001 38.9926332)
144,3093471573,POINT (-76.5030898 38.9921378)
145,3093471587,POINT (-76.50191289999999 38.9920808)
146,639279490,POINT (-76.4926363 38.9790208)
147,102605356,POINT (-76.494483 38.988411)
148,5759672918,POINT (-76.48770570000001 38.9781436)
149,102572721,POINT (-76.49629969999999 38.9781677)
150,102572723,POINT (-76.4962319 38.9775945)
151,102572724,POINT (-76.4963712 38.9764709)
152,12112044738,POINT (-76.4887489 38.9775774)
153,12112044750,POINT (-76.4902242 38.9778711)
154,12112044751,POINT (-76.4900725 38.9777957)
155,12112044756,POINT (-76.48994020000001 38.9778154)
156,12112044759,POINT (-76.4890121 38.9776317)
157,12112044762,POINT (-76.4907353 38.9779715)
158,12112044769,POINT (-76.49191329999999 38.9767989)
159,12112044772,POINT (-76.49122560000001 38.9773697)
160,12112044787,POINT (-76.4904272 38.9768532)
161,12112044797,POINT (-76.490354 38.9769644)
162,12112044799,POINT (-76.4904502 38.9769512)
163,12112044800,POINT (-76.4903413 38.9768814)
164,12112044802,POINT (-76.4896856 38.976463)
165,12112044803,POINT (-76.48968120000001 38.976378)
166,102572869,POINT (-76.4891544 38.977661)
167,102572870,POINT (-76.4901952 38.9783769)
168,102638412,POINT (-76.5026792 38.9809533)
169,102605685,POINT (-76.483936 38.9805187)
170,10031702909,POINT (-76.5018268 38.9902713)
171,9630753847,POINT (-76.4898151 38.9788395)
172,3583517820,POINT (-76.5010357 38.9867608)
173,3583517821,POINT (-76.50015879999999 38.9870787)
174,3583517825,POINT (-76.50123670000001 38.9878528)
175,3583517854,POINT (-76.5020942 38.9877692)
176,2975737037,POINT (-76.4853963 38.9793332)
177,102638844,POINT (-76.5001192 38.9899948)
178,102638943,POINT (-76.48444859999999 38.9771533)
179,102638947,POINT (-76.48641689999999 38.9784074)
180,764814696,POINT (-76.5023417 38.976587)
181,2970527134,POINT (-76.5026069 38.9765171)
182,5184562690,POINT (-76.4864934 38.9829686)
183,5184562694,POINT (-76.4873905 38.9833118)
184,5184562695,POINT (-76.4881582 38.9831523)
185,5184562697,POINT (-76.4870576 38.9824346)
186,8411948946,POINT (-76.49788359999999 38.9787616)
187,1648584953,POINT (-76.494727 38.9766539)
188,102639736,POINT (-76.4939292 38.9733989)
189,102639738,POINT (-76.4971238 38.974843)
190,3812599942,POINT (-76.4854394 38.9809376)
191,102607361,POINT (-76.5017027 38.9785019)
192,1685291737,POINT (-76.4946918 38.9746152)
193,1685291747,POINT (-76.49752580000001 38.9760686)
194,102607662,POINT (-76.4962735 38.9744505)
195,102607664,POINT (-76.4942171 38.9772333)
196,102607666,POINT (-76.4931255 38.9781905)
197,102593331,POINT (-76.50242590000001 38.9916495)
198,102593333,POINT (-76.50060360000001 38.9931814)
199,102593334,POINT (-76.49971909999999 38.9939249)
200,102607804,POINT (-76.4933164 38.9783828)
201,102607809,POINT (-76.4965973 38.9780963)
202,102607811,POINT (-76.49754299999999 38.9778777)
203,102607813,POINT (-76.49887390000001 38.9775677)
204,102607815,POINT (-76.5005565 38.9771139)
205,102607817,POINT (-76.5009429 38.9770017)
206,102575051,POINT (-76.4887703 38.9808493)
207,11907935195,POINT (-76.50207330000001 38.9919459)
208,11907935205,POINT (-76.50274330000001 38.9928283)
209,12063911170,POINT (-76.49504349999999 38.9826044)
210,12063911171,POINT (-76.4953364 38.9824259)
211,12063911172,POINT (-76.4947076 38.9823813)
212,12063911174,POINT (-76.49514790000001 38.9821417)
213,102608139,POINT (-76.48884940000001 38.9775981)
214,102608141,POINT (-76.4886422 38.9783407)
215,2916167085,POINT (-76.4911456 38.9780521)
216,5566082519,POINT (-76.4883344 38.9775009)
217,102580423,POINT (-76.48662729999999 38.9809586)
218,102580425,POINT (-76.4859312 38.9804953)
219,639282744,POINT (-76.5028343 38.9871064)
220,639282806,POINT (-76.4957409 38.9818905)
221,639282830,POINT (-76.50028570000001 38.9855609)
222,11907903295,POINT (-76.5017139 38.992248)
223,102576005,POINT (-76.4978519 38.9796814)
224,102576009,POINT (-76.4978306 38.9800585)
225,102608839,POINT (-76.487138 38.9782282)
226,102576071,POINT (-76.48610619999999 38.9755621)
227,102608841,POINT (-76.4877917 38.9774726)
228,102608845,POINT (-76.486835 38.9780105)
229,102608850,POINT (-76.4868821 38.9779647)
230,10779963445,POINT (-76.4866342 38.9765846)
231,12112769136,POINT (-76.48749770000001 38.978012)
232,8219504855,POINT (-76.4984747 38.9931029)
233,102576378,POINT (-76.49520010000001 38.9799658)
234,102641931,POINT (-76.4909207 38.9738137)
235,102576468,POINT (-76.4870164 38.9824735)
236,7045788067,POINT (-76.50195119999999 38.976058)
237,5849821659,POINT (-76.48035640000001 38.9825112)
238,8433971740,POINT (-76.48662229999999 38.9765591)
239,102576703,POINT (-76.4875402 38.9819827)
240,3812700746,POINT (-76.48331760000001 38.9801003)
241,3812700752,POINT (-76.4831631 38.9799093)
242,3812799110,POINT (-76.48929889999999 38.9866758)
243,3812799152,POINT (-76.4900794 38.9864738)
244,102610258,POINT (-76.4984876 38.9930923)
245,102610260,POINT (-76.5007693 38.994514)
246,102610294,POINT (-76.4920948 38.9844805)
247,2358654348,POINT (-76.4867842 38.9780592)
248,7017051631,POINT (-76.4967335 38.9933413)
249,7017051635,POINT (-76.4969049 38.9933453)
250,7017051638,POINT (-76.49715860000001 38.9934351)
251,10031904484,POINT (-76.48680539999999 38.9769525)
252,7755720282,POINT (-76.5022369 38.9770403)
253,3812701967,POINT (-76.4864194 38.9812392)
254,3812701976,POINT (-76.48389539999999 38.9804913)
255,3812701993,POINT (-76.4859843 38.9805307)
256,8032565122,POINT (-76.50281200000001 38.9905132)
257,7936292740,POINT (-76.4935672 38.9778032)
258,7936292744,POINT (-76.4936908 38.9776898)
259,7936292748,POINT (-76.4939942 38.9783499)
260,8241068289,POINT (-76.4873881 38.9773162)
261,8241068297,POINT (-76.48782850000001 38.9772473)
262,3618163247,POINT (-76.4879275 38.9771246)
263,12112019634,POINT (-76.4864724 38.9784429)
264,12112019635,POINT (-76.4863737 38.9784477)
265,102644233,POINT (-76.50134679999999 38.9744394)
266,4166433371,POINT (-76.4976805 38.9781829)
267,5566053184,POINT (-76.4930908 38.9802365)
268,102579127,POINT (-76.4890358 38.9844068)
269,9630596038,POINT (-76.4941711 38.977273)
270,5184535511,POINT (-76.4858693 38.9804548)
271,3623992290,POINT (-76.4969 38.9900942)
272,7031700541,POINT (-76.5021349 38.9885871)
273,7308491863,POINT (-76.4974984 38.9778089)
274,5794741402,POINT (-76.48058229999999 38.9777728)
275,102612208,POINT (-76.4990535 38.9797409)
276,102612213,POINT (-76.4989842 38.9804849)
277,102645097,POINT (-76.5044795 38.9854027)
278,102645118,POINT (-76.50040079999999 38.9854497)
279,102579624,POINT (-76.4954398 38.9890307)
280,102579629,POINT (-76.49474669999999 38.988555)
281,102612485,POINT (-76.5017627 38.9752718)
282,102612488,POINT (-76.5031125 38.9749129)
283,12112019618,POINT (-76.4854225 38.9777742)
284,12112019619,POINT (-76.4853166 38.9777067)
285,12112019632,POINT (-76.4864585 38.9783679)
286,12112019636,POINT (-76.4863701 38.9783776)
287,12112019682,POINT (-76.48714029999999 38.9783083)
288,102613280,POINT (-76.50154310000001 38.9715559)
289,102646119,POINT (-76.4924244 38.9771131)
290,876659098,POINT (-76.4898547 38.9765715)
291,102580651,POINT (-76.4925351 38.9761283)
292,102580652,POINT (-76.49185900000001 38.9767655)
293,102646385,POINT (-76.4966974 38.9796373)
294,102646387,POINT (-76.5001913 38.9798076)
295,102613620,POINT (-76.4931934 38.9786541)
296,102613623,POINT (-76.4966264 38.9808208)
297,6496830086,POINT (-76.4941025 38.9809574)
298,6496830115,POINT (-76.5010456 38.9868099)
299,8028930829,POINT (-76.4858912 38.9780727)
300,7308526358,POINT (-76.49653360000001 38.9781112)
301,102646581,POINT (-76.50588860000001 38.9814637)
302,102646589,POINT (-76.5029375 38.987014)
303,102613891,POINT (-76.50153709999999 38.9938582)
304,102613900,POINT (-76.5033433 38.9923118)
305,12112020491,POINT (-76.4877632 38.97729)
306,12112020492,POINT (-76.4876974 38.9773743)
307,102614133,POINT (-76.4883541 38.9812224)
308,102614135,POINT (-76.4894513 38.9819414)
309,102614143,POINT (-76.4954073 38.985741)
310,7036618068,POINT (-76.4899739 38.9760909)
311,102614360,POINT (-76.49494300000001 38.9944684)
312,7036618076,POINT (-76.48913810000001 38.9761155)
313,7257212315,POINT (-76.49930879999999 38.9774658)
314,102614537,POINT (-76.4992197 38.9908201)
315,102614539,POINT (-76.50029600000001 38.9915647)
316,8026801817,POINT (-76.4893045 38.983436)
317,8026801818,POINT (-76.4884734 38.9828739)
318,7308527324,POINT (-76.4956045 38.9782995)
319,102594718,POINT (-76.4995697 38.9759458)
320,102581989,POINT (-76.49066550000001 38.9885601)
321,102581993,POINT (-76.4913751 38.9878468)
322,7308527341,POINT (-76.4922631 38.978282)
323,7308527344,POINT (-76.49313170000001 38.9786933)
324,11872618276,POINT (-76.50191409999999 38.9927103)
325,102582123,POINT (-76.49119090000001 38.9803225)
326,102582125,POINT (-76.4909992 38.9794309)
327,4341122944,POINT (-76.49468090000001 38.9775405)
328,3713976514,POINT (-76.48744550000001 38.9779296)
329,3658992053,POINT (-76.4958295 38.9947989)
330,7308528058,POINT (-76.4932551 38.9786989)
331,7038356100,POINT (-76.50092220000001 38.9849796)
332,102583131,POINT (-76.5057066 38.9886814)
333,102583136,POINT (-76.4949027 38.9892635)
334,102583138,POINT (-76.4946843 38.9890924)
335,102583146,POINT (-76.4913919 38.9876796)
336,102583228,POINT (-76.4970103 38.9933597)
337,503729146,POINT (-76.4886314 38.9827056)
338,790678730,POINT (-76.49111069999999 38.9854507)
339,5184736566,POINT (-76.48571219999999 38.9803522)
340,5184736572,POINT (-76.4853961 38.9801457)
341,5184736577,POINT (-76.485479 38.9801998)
342,5184736578,POINT (-76.4861174 38.9806193)
343,5184736581,POINT (-76.4840583 38.9791796)
344,5184736602,POINT (-76.48579100000001 38.9804037)
345,5184736607,POINT (-76.4865075 38.9808788)
346,5184736608,POINT (-76.48545129999999 38.9816039)
347,5184736610,POINT (-76.4858495 38.9820635)
348,5184736611,POINT (-76.48643079999999 38.9808278)
349,7308529013,POINT (-76.493431 38.9783773)
350,102583826,POINT (-76.4986135 38.979711)
351,102583828,POINT (-76.4985813 38.9801136)
352,1304022800,POINT (-76.4917923 38.978586)
353,1304022812,POINT (-76.489222 38.9777325)
354,7308529654,POINT (-76.4957038 38.978223)
355,11062792334,POINT (-76.4973279 38.9779268)
356,11062792341,POINT (-76.49707189999999 38.9779862)
357,8579666137,POINT (-76.49588319999999 38.9897862)
358,8411894006,POINT (-76.5025608 38.9888952)
359,8411894011,POINT (-76.50236200000001 38.9887514)
360,102584596,POINT (-76.4941252 38.9753874)
361,102584598,POINT (-76.4932439 38.9765942)
362,102584600,POINT (-76.4927529 38.977203)
363,102584602,POINT (-76.4928712 38.9781312)
364,102584606,POINT (-76.49598159999999 38.9890221)
365,102584609,POINT (-76.4957362 38.988775)
366,102584611,POINT (-76.4956823 38.9887351)
367,102584613,POINT (-76.4950128 38.9883015)
368,102584615,POINT (-76.4940515 38.9876477)
369,102584617,POINT (-76.49295100000001 38.9869205)
370,102584619,POINT (-76.4926382 38.9867085)
371,102584621,POINT (-76.4907781 38.9855037)
372,102584641,POINT (-76.4943911 38.9889059)
373,102584646,POINT (-76.49312310000001 38.9878555)
374,10031944162,POINT (-76.4940738 38.9808572)
375,10031944163,POINT (-76.4941433 38.9807804)
376,10031944164,POINT (-76.49630999999999 38.9765734)
377,10031944168,POINT (-76.49349460000001 38.9767589)
378,10031944170,POINT (-76.4929274 38.9769054)
379,102552045,POINT (-76.4897136 38.9884869)
380,10137915981,POINT (-76.4857367 38.9858171)
381,102584924,POINT (-76.4875313 38.9791194)
382,102584926,POINT (-76.48864709999999 38.9789804)
383,102584927,POINT (-76.4890156 38.9789345)
384,102584929,POINT (-76.48989760000001 38.9788297)
385,9630733047,POINT (-76.5015393 38.9768777)
386,9630733064,POINT (-76.50226549999999 38.9782766)
387,102552334,POINT (-76.4778508 38.9822934)
388,9630733079,POINT (-76.50208550000001 38.9767289)
389,9630733081,POINT (-76.50231049999999 38.9765127)
390,9630733136,POINT (-76.5008251 38.976716)
391,102617954,POINT (-76.4924979 38.9868193)
392,102618080,POINT (-76.4904592 38.9809842)
393,102618085,POINT (-76.49201909999999 38.9795681)
394,102618087,POINT (-76.4929719 38.9787552)
395,102585562,POINT (-76.4927579 38.9746998)
396,102585565,POINT (-76.4917753 38.975602)
397,102585567,POINT (-76.490177 38.9774854)
398,768922849,POINT (-76.4942344 38.9808371)
399,102585569,POINT (-76.49005699999999 38.9778383)
400,102585566,POINT (-76.49146330000001 38.9758782)
401,768922855,POINT (-76.4948 38.9797166)
402,768922858,POINT (-76.492109 38.9794842)
403,102585916,POINT (-76.49731370000001 38.9869758)
404,102585917,POINT (-76.4980989 38.9881788)
405,7475385917,POINT (-76.4921512 38.9796492)
406,7475385916,POINT (-76.49222760000001 38.9795726)
407,10759362319,POINT (-76.4923953 38.9884811)
408,10759362320,POINT (-76.49307829999999 38.9886132)
409,10759362323,POINT (-76.4949953 38.9892463)
410,1304061750,POINT (-76.4847236 38.9789432)
411,3466680481,POINT (-76.4901076 38.9767373)
412,11869935913,POINT (-76.5019964 38.9927685)
413,768923999,POINT (-76.4829666 38.9778929)
414,102652281,POINT (-76.4899518 38.9786385)
415,102619678,POINT (-76.5019491 38.9723768)
416,102619680,POINT (-76.50231290000001 38.9731217)
417,102619682,POINT (-76.5026828 38.9738996)
418,102619684,POINT (-76.5027118 38.9739629)
419,102619685,POINT (-76.50305400000001 38.9747041)
420,506036944,POINT (-76.4923338 38.9783366)
421,102587075,POINT (-76.5015867 38.9882237)
422,102587077,POINT (-76.5030435 38.9892443)
423,102587078,POINT (-76.5042596 38.9901081)
424,7308532659,POINT (-76.4922289 38.9785756)
425,4354431921,POINT (-76.49342249999999 38.9872321)
426,4354431922,POINT (-76.4927742 38.9873605)
427,4835957716,POINT (-76.4944467 38.994348)
428,102620127,POINT (-76.48936759999999 38.9802862)
429,102620129,POINT (-76.49030689999999 38.9794219)
430,102554613,POINT (-76.49368219999999 38.9899015)
431,102652979,POINT (-76.502027 38.9804705)
432,102587586,POINT (-76.487414 38.9779579)
433,102587587,POINT (-76.4876415 38.9781048)
434,4383628533,POINT (-76.4872752 38.9773667)
435,4383628535,POINT (-76.4872471 38.9773629)
436,4383628537,POINT (-76.4868767 38.9771056)
437,5488762136,POINT (-76.4945554 38.9879619)
438,7229545534,POINT (-76.50351209999999 38.9864994)
439,11400928887,POINT (-76.4773014 38.9806201)
440,102620903,POINT (-76.50100089999999 38.9801936)
441,102620905,POINT (-76.50104399999999 38.9798547)
442,8413536022,POINT (-76.5008076 38.9904742)
443,3981041564,POINT (-76.4878463 38.975283)
444,102653935,POINT (-76.49848369999999 38.9730545)
445,102588622,POINT (-76.49592029999999 38.9725189)
446,102555936,POINT (-76.4820769 38.9837194)
447,3583828380,POINT (-76.4978634 38.9908601)
448,3583828391,POINT (-76.4977311 38.9916435)
449,8389550498,POINT (-76.502702 38.9889973)
450,8389550499,POINT (-76.50175900000001 38.9897471)
451,8390795753,POINT (-76.4936431 38.9870564)
452,8390795756,POINT (-76.49360470000001 38.9870876)
453,102621697,POINT (-76.5042291 38.9882665)
454,7308468739,POINT (-76.4923422 38.9781527)
455,102621740,POINT (-76.49670450000001 38.9784019)
456,102589040,POINT (-76.48749460000001 38.9822325)
457,4835974738,POINT (-76.4887973 38.9846186)
458,3812745895,POINT (-76.4866863 38.9828524)
459,3812745896,POINT (-76.4874849 38.9819465)
460,3812745902,POINT (-76.4876082 38.982032)
461,4835974741,POINT (-76.48981430000001 38.984897)
462,102589151,POINT (-76.4803039 38.9825613)
463,102589153,POINT (-76.47874640000001 38.981544)
464,1303929588,POINT (-76.4993618 38.9791137)
465,1303929594,POINT (-76.4987696 38.9791487)
466,1303929615,POINT (-76.49484579999999 38.9814477)
467,1303929626,POINT (-76.4938351 38.9818452)
468,1303929669,POINT (-76.49907109999999 38.979165)
469,1303929676,POINT (-76.4990754 38.9790974)
470,1303929693,POINT (-76.49878080000001 38.9790767)
471,1303929704,POINT (-76.5002346 38.9792324)
472,1303929715,POINT (-76.4904971 38.9782878)
473,1303929720,POINT (-76.4911805 38.9801023)
474,1303929752,POINT (-76.4941781 38.9820683)
475,1303929755,POINT (-76.5002392 38.979171)
476,1303929756,POINT (-76.4892069 38.9776704)
477,1303929757,POINT (-76.4946638 38.9816176)
478,1303929764,POINT (-76.5011581 38.9790095)
479,1303929769,POINT (-76.4974105 38.9796625)
480,102589402,POINT (-76.4934495 38.9815801)
481,102589405,POINT (-76.49415380000001 38.9809078)
482,102589409,POINT (-76.4954 38.9795354)
483,102589412,POINT (-76.49581240000001 38.9782831)
484,102622188,POINT (-76.49746399999999 38.9774608)
485,102622190,POINT (-76.4974443 38.9770434)
486,102622192,POINT (-76.4981064 38.9752881)
487,102622194,POINT (-76.49862829999999 38.9745885)
488,102622198,POINT (-76.500193 38.9724693)
489,9687753888,POINT (-76.49505240000001 38.9751891)
490,10128286932,POINT (-76.501017 38.9820322)
491,3812517082,POINT (-76.4764881 38.98145)
492,10128286939,POINT (-76.5012346 38.9818289)
493,102622512,POINT (-76.49670829999999 38.9793914)
494,102589750,POINT (-76.49749 38.989499)
495,102557102,POINT (-76.48942959999999 38.9833228)
496,102557104,POINT (-76.4885833 38.9827767)
497,102557194,POINT (-76.4840007 38.9792342)
498,102557198,POINT (-76.48445769999999 38.978795)
499,102589996,POINT (-76.48797260000001 38.9734127)
500,102589997,POINT (-76.4895953 38.9744268)
501,102589999,POINT (-76.49002470000001 38.974691)
502,7221536327,POINT (-76.49730099999999 38.9872862)
503,7221536339,POINT (-76.4958304 38.9886854)
504,4341131050,POINT (-76.50249770000001 38.9809244)
505,7985096490,POINT (-76.49964610000001 38.9866708)
506,1304061741,POINT (-76.48293289999999 38.977733)
507,7985096494,POINT (-76.4980644 38.9866505)
508,7985096496,POINT (-76.49651350000001 38.9864575)
509,7985096507,POINT (-76.4996527 38.9875082)
510,7985096508,POINT (-76.4999645 38.9877693)
511,7985096509,POINT (-76.50010570000001 38.9878899)
512,1304061824,POINT (-76.4827844 38.9778385)
513,1304061871,POINT (-76.4877774 38.9775364)
514,1304061881,POINT (-76.4828711 38.9778329)
515,1304061903,POINT (-76.4874945 38.982021)
516,1304061920,POINT (-76.4878241 38.9773033)
517,3812550653,POINT (-76.4869714 38.9824417)
518,1304061952,POINT (-76.4846919 38.9789251)
519,102623270,POINT (-76.495216 38.9937262)
520,102623271,POINT (-76.4946271 38.9932047)
521,1304062017,POINT (-76.48792469999999 38.9774055)
522,102656066,POINT (-76.490599 38.9794742)
523,1304062043,POINT (-76.4852374 38.9792374)
524,1304062078,POINT (-76.4847183 38.9787641)
525,1304062154,POINT (-76.48640779999999 38.9800653)
526,1304062166,POINT (-76.48293390000001 38.9777669)
527,3812813020,POINT (-76.4925604 38.9874909)
528,1648584937,POINT (-76.4939174 38.9756432)
529,1648584940,POINT (-76.4936123 38.976068)
530,7308536071,POINT (-76.49746949999999 38.9778937)
531,7308536072,POINT (-76.4976277 38.9778573)
532,5018183970,POINT (-76.5013421 38.9884427)
533,5018183972,POINT (-76.5012265 38.9885462)
534,1304062293,POINT (-76.48790200000001 38.9774824)
535,9834817902,POINT (-76.5019956 38.9816359)
536,102591034,POINT (-76.4910168 38.9743005)
537,11907983969,POINT (-76.5022359 38.9929379)
538,11907983977,POINT (-76.50204909999999 38.9934211)
539,11907983981,POINT (-76.5011988 38.993613)
540,7308536442,POINT (-76.4959877 38.9782403)
541,11907983999,POINT (-76.500801 38.9930155)
542,3158666142,POINT (-76.49141 38.9802671)
543,3158666143,POINT (-76.4910244 38.9804609)
544,3590614203,POINT (-76.50167190000001 38.9904)
545,3590614204,POINT (-76.5028786 38.9912689)
546,102591767,POINT (-76.49810050000001 38.9913137)
547,102591773,POINT (-76.49444320000001 38.9899182)
548,102591775,POINT (-76.49417099999999 38.9897844)
549,102559048,POINT (-76.48104499999999 38.9830454)
550,1304096088,POINT (-76.49534749999999 38.9800553)
551,3655986598,POINT (-76.48412279999999 38.9850698)
552,1299115487,POINT (-76.4949558 38.9802038)
553,1727065807,POINT (-76.5011162 38.988645)
554,1727065824,POINT (-76.49872740000001 38.9947585)
555,102625022,POINT (-76.50041779999999 38.9728577)
556,1727065888,POINT (-76.4978934 38.9909278)
557,1727065894,POINT (-76.500327 38.9886365)
558,102625144,POINT (-76.4926425 38.9848333)
559,1036710049,POINT (-76.4808283 38.9777329)
560,102592779,POINT (-76.50151940000001 38.9924115)
561,102592781,POINT (-76.5024433 38.9930846)
562,7698084110,POINT (-76.4947064 38.9900378)
563,7698084111,POINT (-76.4945082 38.9901962)
564,3812553074,POINT (-76.4861463 38.983297)
565,3812553075,POINT (-76.4865518 38.9822656)
566,3812553076,POINT (-76.4851917 38.981277)
567,7308538329,POINT (-76.4966239 38.9781754)
568,7308538338,POINT (-76.4924046 38.9782683)
569,1036710447,POINT (-76.48145839999999 38.9776366)
570,12111989959,POINT (-76.4860588 38.9764351)
571,12111989963,POINT (-76.4862938 38.9762618)
572,12111989964,POINT (-76.4861787 38.9763467)
573,102593321,POINT (-76.498952 38.9945697)
574,102593325,POINT (-76.5055917 38.9887932)
575,102593329,POINT (-76.5033337 38.9908864)
576,102593344,POINT (-76.49518399999999 38.9759825)
577,102593346,POINT (-76.4958034 38.976234)
578,102593348,POINT (-76.4974149 38.976651)
579,8024486803,POINT (-76.4964322 38.9934017)
580,7983788962,POINT (-76.4818169 38.9787418)
581,102560959,POINT (-76.50342759999999 38.9718782)
582,102560963,POINT (-76.504413 38.9731927)
583,102560969,POINT (-76.50501819999999 38.9740765)
584,8413607130,POINT (-76.489852 38.9738487)
585,7111865720,POINT (-76.5020736 38.9760263)
586,102593916,POINT (-76.49132779999999 38.9802136)
587,102593920,POINT (-76.4942518 38.9821163)
588,102626772,POINT (-76.49474069999999 38.9775787)
589,6799652357,POINT (-76.50509750000001 38.9894037)
590,473363995,POINT (-76.4858536 38.9749158)
591,102594237,POINT (-76.4907353 38.973997)
592,8027993921,POINT (-76.4939114 38.9811408)
593,8027993929,POINT (-76.4938801 38.9811704)
594,3812587349,POINT (-76.4769637 38.9809423)
595,3615881104,POINT (-76.484849 38.9797884)
596,3615881107,POINT (-76.48477509999999 38.97974)
597,3615881112,POINT (-76.4845333 38.9795821)
598,2971465762,POINT (-76.4867113 38.9792215)
599,3812587575,POINT (-76.4765115 38.9813468)
600,8741681214,POINT (-76.5028071 38.9749432)
601,102594720,POINT (-76.50008459999999 38.9752533)
602,102627519,POINT (-76.4976508 38.9937831)
603,9898653893,POINT (-76.49137589999999 38.9785893)
604,7038354368,POINT (-76.50172449999999 38.9847306)
605,102562052,POINT (-76.50151750000001 38.9768357)
606,102562054,POINT (-76.5022907 38.9783252)
607,102627606,POINT (-76.4998725 38.9882523)
608,102594914,POINT (-76.4864589 38.9800199)
609,102627696,POINT (-76.5021148 38.9761153)
610,102595015,POINT (-76.48698950000001 38.9778662)
611,3455012039,POINT (-76.4991225 38.9770357)
612,7308540717,POINT (-76.4958602 38.9783438)
613,102562636,POINT (-76.490246 38.9824567)
614,102562641,POINT (-76.48979300000001 38.9829977)
615,102562646,POINT (-76.48858269999999 38.9840896)
616,503282524,POINT (-76.4933056 38.9910113)
617,102595470,POINT (-76.49538870000001 38.9730945)
618,102595472,POINT (-76.49680240000001 38.9737271)
619,102562755,POINT (-76.4863759 38.9800926)
620,102562796,POINT (-76.5022408 38.9741273)
621,102562800,POINT (-76.5008792 38.9717881)
622,102562801,POINT (-76.5013174 38.9725506)
623,7607685709,POINT (-76.5007481 38.9765293)
624,3615881099,POINT (-76.4850789 38.9799385)
625,102563102,POINT (-76.499144 38.9739048)
626,102563105,POINT (-76.50132619999999 38.9748913)
627,10031857041,POINT (-76.49496190000001 38.9777295)
628,10031857042,POINT (-76.49427489999999 38.9772716)
629,10031857043,POINT (-76.49425220000001 38.9771996)
630,10031857046,POINT (-76.49478430000001 38.977536)
631,10031857048,POINT (-76.4945926 38.977482)
632,10031857051,POINT (-76.4949958 38.9773292)
633,10031857063,POINT (-76.49533599999999 38.9769233)
634,10031857067,POINT (-76.4955902 38.9765485)
635,10031857071,POINT (-76.49578459999999 38.9762618)
636,10031857076,POINT (-76.49526299999999 38.9760146)
637,10031857077,POINT (-76.49516629999999 38.9760085)
638,10031857081,POINT (-76.49481110000001 38.9765303)
639,10031857084,POINT (-76.4947741 38.9765848)
640,10031857089,POINT (-76.4859931 38.9804393)
641,10031857091,POINT (-76.48449170000001 38.9787506)
642,10031857093,POINT (-76.4844368 38.9788143)
643,10031857094,POINT (-76.48440890000001 38.9787599)
644,10031857095,POINT (-76.4844487 38.9787222)
645,10031857098,POINT (-76.4839448 38.9784723)
646,10031857099,POINT (-76.4839831 38.9784331)
647,102563439,POINT (-76.49569080000001 38.9752391)
648,102563442,POINT (-76.4951889 38.9750141)
649,102563450,POINT (-76.4955655 38.9754246)
650,7308541583,POINT (-76.4975802 38.9779401)
651,8064433823,POINT (-76.5033912 38.9889576)
652,4535779004,POINT (-76.4860465 38.9754465)
653,7308541762,POINT (-76.4933242 38.978431)
654,102563658,POINT (-76.4876472 38.9751545)
655,102563660,POINT (-76.4864353 38.9761574)
656,102596476,POINT (-76.5019095 38.9808308)
657,102596478,POINT (-76.5003413 38.982591)
